{"entities":{"pages":{"Homepage":{"id":"Homepage","title":"Let\u0027s be honest","url":"homepage.html","level":0,"tabIndex":0},"Introduction-to-Programming":{"id":"Introduction-to-Programming","title":"Introduction to Programming","url":"introduction-to-programming.html","level":0,"tabIndex":1},"Logic-and-Computer-Architecture":{"id":"Logic-and-Computer-Architecture","title":"Logic and Computer Architecture","url":"logic-and-computer-architecture.html","level":0,"tabIndex":2},"Identity-Environment-and-Agency-1":{"id":"Identity-Environment-and-Agency-1","title":"Identity, Environment and Agency 1","url":"identity-environment-and-agency-1.html","level":0,"tabIndex":3},"Graphics":{"id":"Graphics","title":"Graphics","url":"graphics.html","level":0,"tabIndex":4},"Algorithms":{"id":"Algorithms","title":"Algorithms","url":"algorithms.html","level":0,"tabIndex":5},"Computing-Project":{"id":"Computing-Project","title":"Computing Project","url":"computing-project.html","level":0,"tabIndex":6},"Mathematics":{"id":"Mathematics","title":"Mathematics","url":"mathematics.html","level":0,"tabIndex":7},"User-Experience-and-The-Web":{"id":"User-Experience-and-The-Web","title":"User Experience and The Web","url":"user-experience-and-the-web.html","level":0,"tabIndex":8}}},"topLevelIds":["Homepage","Introduction-to-Programming","Logic-and-Computer-Architecture","Identity-Environment-and-Agency-1","Graphics","Algorithms","Computing-Project","Mathematics","User-Experience-and-The-Web"]}